{
  "rmse": 0.017884414721955094,
  "corr": 0.04601241569305083,
  "best_iteration": 10
}