{
  "mean_raw": -0.01174281258136034,
  "std_raw": 0.0015425331657752395,
  "center": 100,
  "scale": 10
}