{
  "rmse": 0.013025073745278129,
  "corr": -0.6943339875056268,
  "best_iteration": 0
}