{
  "mean_raw": -0.008180186152458191,
  "std_raw": 0.0005606296472251415,
  "center": 100,
  "scale": 10
}