{
  "rmse": 0.014268559687142504,
  "corr": 0.23757355440701988,
  "best_iteration": 65
}