{
  "mean_raw": -0.005781600717455149,
  "std_raw": 0.004309526178985834,
  "center": 100,
  "scale": 10
}