{
  "rmse": 0.015016352124930904,
  "corr": 0.2308205227786726,
  "best_iteration": 116
}