{
  "mean_raw": -0.005293992813676596,
  "std_raw": 0.004956115502864122,
  "center": 100,
  "scale": 10
}