{
  "rmse": 0.017594829724887483,
  "corr": 0.08469261166979221,
  "best_iteration": 37
}