{
  "mean_raw": -0.009725148789584637,
  "std_raw": 0.004670429043471813,
  "center": 100,
  "scale": 10
}