{
  "rmse": 0.014460465240355588,
  "corr": 0.23696568831913573,
  "best_iteration": 88
}