{
  "mean_raw": -0.0022424771450459957,
  "std_raw": 0.004521714523434639,
  "center": 100,
  "scale": 10
}