{
  "rmse": 0.017289404919121915,
  "corr": 0.38513565722931914,
  "best_iteration": 106
}