{
  "mean_raw": -0.004930270370095968,
  "std_raw": 0.007213375996798277,
  "center": 100,
  "scale": 10
}