{
  "rmse": 0.017486418258564878,
  "corr": 0.3004964275993007,
  "best_iteration": 399
}