{
  "mean_raw": -0.010205036960542202,
  "std_raw": 0.0074258712120354176,
  "center": 100,
  "scale": 10
}