{
  "rmse": 0.015437771919971557,
  "corr": 0.25435921633770975,
  "best_iteration": 104
}