{
  "mean_raw": -0.0024060325231403112,
  "std_raw": 0.004716480616480112,
  "center": 100,
  "scale": 10
}