{
  "rmse": 0.01669125075955498,
  "corr": 0.280334294554169,
  "best_iteration": 82
}