{
  "mean_raw": -0.00575744453817606,
  "std_raw": 0.005330454092472792,
  "center": 100,
  "scale": 10
}